type,created_at
PushEvent,2013-04-30 11:21:09
PushEvent,2013-04-30 11:21:34
PushEvent,2013-04-30 11:27:39
PushEvent,2013-04-30 11:28:01
PushEvent,2013-04-30 11:30:46
WatchEvent,2012-05-13 19:46:58
GistEvent,2012-03-16 19:51:33
PushEvent,2013-06-14 23:09:46
DeleteEvent,2013-06-14 23:10:16
PushEvent,2013-06-14 23:21:08
PushEvent,2013-06-14 23:31:14
WatchEvent,2012-04-17 15:27:40
WatchEvent,2012-04-28 22:15:46
WatchEvent,2012-04-15 17:48:19
WatchEvent,2012-10-20 15:23:27
ForkEvent,2012-03-26 09:27:15
PushEvent,2013-06-09 02:09:40
CreateEvent,2013-06-26 22:09:04
CreateEvent,2013-06-26 22:16:20
PushEvent,2013-06-26 22:21:07
PushEvent,2013-06-26 22:46:29
PushEvent,2013-06-26 13:02:06
PushEvent,2013-06-26 13:03:09
PushEvent,2013-06-26 13:05:09
PullRequestEvent,2013-06-26 13:06:10
PushEvent,2013-06-26 13:06:20
PushEvent,2013-06-26 13:45:58
PullRequestEvent,2013-06-26 13:46:58
PushEvent,2013-06-26 13:47:04
CreateEvent,2013-06-24 17:56:01
WatchEvent,2013-06-25 01:16:09
WatchEvent,2012-04-17 09:18:27
WatchEvent,2012-05-25 08:36:09
WatchEvent,2012-04-05 23:39:58
GollumEvent,2012-04-02 22:17:18
PushEvent,2013-06-23 21:41:36
CreateEvent,2013-06-23 21:42:23
PushEvent,2013-06-22 23:22:30
PushEvent,2013-06-22 23:31:53
PushEvent,2013-06-22 23:34:18
PullRequestEvent,2013-06-22 23:35:49
PushEvent,2013-06-22 23:36:05
PushEvent,2013-06-19 20:16:13
PushEvent,2013-06-19 20:29:20
PushEvent,2013-06-19 20:57:07
PushEvent,2013-06-19 20:58:04
PullRequestEvent,2013-06-19 21:00:43
CreateEvent,2013-04-26 22:11:50
WatchEvent,2012-11-11 12:28:04
WatchEvent,2013-02-16 02:18:03
WatchEvent,2012-04-17 09:18:27
WatchEvent,2012-05-13 19:46:58
IssueCommentEvent,2012-04-27 21:19:03
WatchEvent,2012-07-06 22:02:45
PushEvent,2013-06-24 13:22:11
CreateEvent,2013-06-24 13:22:22
PushEvent,2013-06-24 13:25:01
PushEvent,2013-06-24 13:47:57
PushEvent,2013-06-24 13:52:19
WatchEvent,2012-04-23 17:15:23
PushEvent,2013-05-18 22:22:23
PushEvent,2013-06-21 12:55:56
PushEvent,2013-05-20 10:23:53
PushEvent,2013-05-20 10:31:54
PushEvent,2013-05-20 10:32:15
WatchEvent,2012-03-12 16:23:05
PushEvent,2013-04-29 13:37:45
WatchEvent,2012-10-10 14:13:10
PushEvent,2013-06-22 22:20:25
PushEvent,2013-06-22 22:38:28
PushEvent,2013-06-25 10:38:40
CreateEvent,2013-06-16 19:07:31
PushEvent,2013-06-16 19:10:25
PullRequestEvent,2013-06-16 19:12:11
PushEvent,2013-06-16 19:12:58
PullRequestEvent,2013-06-16 19:12:58
DeleteEvent,2013-06-16 19:15:51
CreateEvent,2013-06-16 19:16:56
PushEvent,2013-06-16 19:25:36
CreateEvent,2013-06-16 19:27:08
PushEvent,2013-06-16 19:27:08
PushEvent,2013-06-16 19:32:42
WatchEvent,2013-06-16 19:34:57
IssuesEvent,2013-06-16 19:39:24
PushEvent,2013-06-25 18:21:24
PushEvent,2013-06-25 18:39:21
PullRequestEvent,2013-06-25 18:42:05
PushEvent,2013-06-25 18:42:53
PullRequestEvent,2013-06-25 18:42:52
PushEvent,2013-06-25 18:50:50
PullRequestEvent,2013-06-25 18:51:56
PushEvent,2013-06-25 18:52:07
PushEvent,2013-05-26 15:22:07
PullRequestEvent,2013-05-26 15:24:22
PushEvent,2013-05-26 15:25:31
PullRequestEvent,2013-05-26 15:25:31
DeleteEvent,2013-05-26 15:27:08
PushEvent,2013-05-26 15:34:16
PushEvent,2013-06-24 16:19:00
PushEvent,2013-06-24 16:19:18
PushEvent,2013-05-20 09:12:14
PushEvent,2013-05-20 09:14:59
PushEvent,2013-05-20 09:15:32
PushEvent,2013-04-20 23:38:00
PushEvent,2013-04-20 23:41:36
PushEvent,2013-04-20 23:44:42
PushEvent,2013-04-20 23:54:55
PushEvent,2013-04-20 23:56:41
WatchEvent,2013-01-05 14:33:42
WatchEvent,2012-06-11 12:48:40
CreateEvent,2013-06-20 13:03:30
FollowEvent,2013-06-20 13:18:09
FollowEvent,2013-06-20 13:18:45
CreateEvent,2013-06-20 13:58:43
PushEvent,2013-04-08 13:32:10
PushEvent,2013-04-08 13:43:02
PushEvent,2013-04-08 13:43:01
PushEvent,2013-04-08 13:43:31
CreateEvent,2013-06-06 11:36:51
PushEvent,2013-06-21 10:53:58
PullRequestEvent,2013-06-21 10:55:44
PushEvent,2013-06-21 10:56:10
PullRequestEvent,2013-06-21 10:56:09
CreateEvent,2013-06-21 10:57:06
PushEvent,2013-06-21 10:57:37
CreateEvent,2013-06-12 13:16:53
CreateEvent,2013-06-12 13:17:30
CreateEvent,2013-06-12 13:17:41
CreateEvent,2013-06-12 13:20:12
CreateEvent,2013-06-12 13:20:32
CreateEvent,2013-06-12 13:20:41
CreateEvent,2013-06-12 13:21:10
CreateEvent,2013-06-12 13:26:26
WatchEvent,2012-04-17 09:18:27
WatchEvent,2012-03-21 00:27:08
WatchEvent,2012-03-21 00:27:12
WatchEvent,2012-03-12 00:29:39
CreateEvent,2013-03-15 00:18:34
PushEvent,2013-03-15 00:22:55
PushEvent,2013-03-15 00:23:41
PushEvent,2013-03-15 00:31:45
PushEvent,2013-03-15 00:32:44
PushEvent,2013-03-15 00:36:00
WatchEvent,2012-03-13 13:16:37
WatchEvent,2012-03-13 13:23:52
WatchEvent,2013-03-01 13:16:33
PushEvent,2013-06-17 19:09:54
CreateEvent,2013-06-17 19:10:15
PushEvent,2013-06-17 19:11:12
IssuesEvent,2013-06-17 19:13:58
PushEvent,2013-06-17 19:25:21
PushEvent,2013-06-17 19:46:51
IssuesEvent,2013-06-17 19:46:51
PushEvent,2013-06-17 19:47:22
PushEvent,2013-06-18 16:11:43
PullRequestEvent,2013-06-18 16:14:21
IssuesEvent,2013-06-18 16:17:35
PullRequestEvent,2013-06-18 16:17:34
PushEvent,2013-06-18 16:17:35
DeleteEvent,2013-06-18 16:17:47
PushEvent,2013-06-18 16:24:29
CreateEvent,2013-06-18 16:24:29
PushEvent,2013-06-18 16:53:20
PushEvent,2013-06-11 12:11:47
PushEvent,2013-06-26 14:21:11
CreateEvent,2013-06-26 14:21:25
PushEvent,2013-06-26 14:37:08
PushEvent,2013-04-06 17:45:53
PushEvent,2013-04-06 17:46:36
IssueCommentEvent,2013-01-17 17:15:01
WatchEvent,2012-05-13 19:46:58
WatchEvent,2012-05-25 08:36:09
WatchEvent,2012-10-30 16:41:07
WatchEvent,2013-02-15 22:25:22
WatchEvent,2012-05-25 08:36:09
WatchEvent,2012-03-16 16:47:04
PushEvent,2013-04-27 00:03:18
PushEvent,2013-04-27 00:09:57
PushEvent,2013-06-15 18:21:35
PushEvent,2013-06-15 18:25:09
PushEvent,2013-06-15 18:33:46
PushEvent,2013-06-15 18:38:38
PushEvent,2013-04-22 21:31:27
PushEvent,2013-04-22 21:33:20
PushEvent,2013-06-07 12:28:55
WatchEvent,2013-06-07 12:30:13
PushEvent,2013-06-24 09:59:52
CreateEvent,2013-06-24 10:00:07
PushEvent,2013-05-21 14:20:17
PushEvent,2013-05-21 14:20:38
PushEvent,2013-05-21 14:37:26
PushEvent,2013-05-21 14:38:07
PushEvent,2013-05-21 14:54:09
PushEvent,2013-05-21 14:54:36
PushEvent,2013-06-24 12:24:54
ForkEvent,2013-06-19 12:25:10
PushEvent,2013-06-19 12:28:54
PushEvent,2013-06-19 12:30:22
WatchEvent,2013-06-19 12:31:30
PushEvent,2013-06-19 12:36:48
WatchEvent,2013-06-19 12:39:05
PushEvent,2013-04-06 18:13:48
PushEvent,2013-04-06 18:14:12
PushEvent,2013-04-20 22:33:08
PushEvent,2013-04-20 22:37:26
PushEvent,2013-06-10 17:18:44
PushEvent,2013-06-10 17:32:27
WatchEvent,2012-12-23 21:57:45
CreateEvent,2013-03-16 15:53:34
PushEvent,2013-03-16 16:00:13
PushEvent,2013-03-16 19:29:59
GollumEvent,2013-03-17 01:01:07
PushEvent,2013-03-16 21:04:34
PushEvent,2013-03-16 21:05:05
CreateEvent,2013-03-16 21:09:53
WatchEvent,2013-03-16 16:51:33
WatchEvent,2012-04-24 23:59:01
CreateEvent,2013-06-24 15:48:47
PushEvent,2013-06-24 15:48:47
PushEvent,2013-06-24 15:53:15
CreateEvent,2013-06-24 15:53:52
CreateEvent,2013-04-26 20:46:43
WatchEvent,2013-04-26 20:47:16
PushEvent,2013-05-19 00:04:16
PushEvent,2013-05-19 00:05:55
PushEvent,2013-05-19 00:08:21
WatchEvent,2013-06-05 22:02:04
PushEvent,2013-06-15 19:08:04
PushEvent,2013-06-15 19:15:09
PushEvent,2013-06-15 19:32:19
PushEvent,2013-06-15 19:41:54
WatchEvent,2012-11-10 16:43:30
PushEvent,2013-06-27 10:24:33
PushEvent,2013-06-27 10:40:06
IssuesEvent,2013-03-16 15:09:07
WatchEvent,2012-03-25 20:20:57
ForkEvent,2012-10-18 17:05:26
WatchEvent,2012-09-20 17:13:04
WatchEvent,2012-09-20 17:23:46
WatchEvent,2012-03-23 22:29:23
WatchEvent,2012-03-23 10:46:54
PushEvent,2013-06-16 14:33:04
CreateEvent,2013-06-16 14:56:09
PushEvent,2013-05-17 23:13:01
PushEvent,2013-05-17 23:14:53
WatchEvent,2013-05-17 23:35:40
WatchEvent,2013-05-17 23:43:35
CreateEvent,2013-06-18 14:43:05
CreateEvent,2013-06-18 14:46:24
DeleteEvent,2013-06-18 14:46:39
CreateEvent,2013-05-24 14:39:04
PushEvent,2013-05-24 14:45:51
PushEvent,2013-05-24 14:49:54
WatchEvent,2013-05-24 14:50:26
CreateEvent,2013-06-19 19:52:08
WatchEvent,2012-07-06 22:02:45
WatchEvent,2012-04-15 17:48:19
PushEvent,2013-03-17 19:05:19
PushEvent,2013-03-17 19:06:02
PushEvent,2013-03-18 16:24:58
PushEvent,2013-03-18 16:25:25
WatchEvent,2013-03-18 11:25:00
WatchEvent,2013-03-18 15:40:27
GistEvent,2012-11-21 12:22:10
WatchEvent,2012-06-03 17:56:36
WatchEvent,2012-04-03 12:27:26
WatchEvent,2012-03-25 20:20:57
PushEvent,2013-05-26 23:51:18
PushEvent,2013-05-26 23:55:32
PushEvent,2013-05-18 21:31:09
PushEvent,2013-05-18 21:32:22
PushEvent,2013-06-26 21:01:07
PushEvent,2013-06-26 21:04:02
PushEvent,2013-06-26 21:12:41
PushEvent,2013-06-26 21:24:44
PullRequestEvent,2013-06-26 21:26:07
PushEvent,2013-06-26 21:26:13
PushEvent,2013-06-26 21:42:52
PushEvent,2013-06-26 21:47:22
PullRequestEvent,2013-06-26 21:48:21
PushEvent,2013-06-26 21:48:27
CreateEvent,2013-06-26 21:51:31
PushEvent,2013-05-22 13:20:13
PushEvent,2013-05-22 13:26:12
PushEvent,2013-05-22 13:38:44
PushEvent,2013-06-26 20:15:07
PushEvent,2013-06-26 20:56:06
WatchEvent,2012-05-19 11:48:49
PushEvent,2013-05-18 00:24:08
PushEvent,2013-06-15 17:43:30
PushEvent,2013-06-22 13:12:21
PushEvent,2013-06-22 13:22:16
PullRequestEvent,2013-06-22 13:25:12
PushEvent,2013-06-22 13:25:44
PullRequestEvent,2013-06-22 13:25:43
CreateEvent,2013-06-22 13:26:44
CreateEvent,2013-06-22 13:27:07
WatchEvent,2013-06-22 13:28:31
WatchEvent,2013-06-22 15:42:44
PushEvent,2013-06-25 17:32:33
PushEvent,2013-06-25 17:45:28
PushEvent,2013-06-26 18:01:35
PushEvent,2013-06-24 11:41:09
PushEvent,2013-06-24 11:56:45
WatchEvent,2012-06-22 00:19:09
IssueCommentEvent,2012-04-27 21:19:03
WatchEvent,2012-05-19 11:48:49
WatchEvent,2013-06-26 19:42:35
GistEvent,2012-03-16 19:51:33
WatchEvent,2012-04-03 12:27:26
WatchEvent,2012-03-13 13:16:37
WatchEvent,2012-03-13 13:23:52
WatchEvent,2012-03-12 16:23:05
WatchEvent,2012-03-25 20:20:57
WatchEvent,2012-03-26 19:12:05
ForkEvent,2012-03-26 09:27:15
CreateEvent,2013-04-07 00:22:06
PushEvent,2013-04-07 00:23:39
PushEvent,2013-04-07 00:30:21
WatchEvent,2013-04-07 00:31:00
PushEvent,2013-04-07 00:33:24
CreateEvent,2013-06-22 19:34:25
CreateEvent,2013-03-16 13:48:28
PushEvent,2013-03-16 20:07:17
PushEvent,2013-03-16 20:17:07
PushEvent,2013-03-16 20:19:18
WatchEvent,2013-04-10 09:28:37
WatchEvent,2012-06-22 00:19:09
ForkEvent,2012-09-20 20:05:34
WatchEvent,2013-03-15 22:11:16
WatchEvent,2012-03-12 00:29:39
WatchEvent,2012-04-15 17:48:19
PushEvent,2013-06-17 10:29:26
PushEvent,2013-06-17 10:33:18
IssuesEvent,2013-06-17 10:38:07
PushEvent,2013-06-23 22:21:44
PushEvent,2013-06-23 22:26:31
PushEvent,2013-06-23 22:28:40
PushEvent,2013-06-23 22:37:10
WatchEvent,2013-04-11 20:56:27
WatchEvent,2013-06-15 22:28:00
CreateEvent,2013-06-15 22:48:52
CreateEvent,2013-06-13 14:30:01
PushEvent,2013-06-13 14:30:26
PushEvent,2013-05-18 23:06:16
PushEvent,2013-05-18 23:06:37
PushEvent,2013-05-18 23:43:19
PushEvent,2013-05-18 23:43:45
PushEvent,2013-06-22 11:33:07
PushEvent,2013-06-22 11:34:15
PushEvent,2013-04-05 16:33:48
PushEvent,2013-04-05 16:48:42
WatchEvent,2012-04-03 12:27:26
WatchEvent,2012-04-24 23:59:01
IssueCommentEvent,2012-04-27 21:19:03
GollumEvent,2012-04-02 22:17:18
WatchEvent,2012-04-28 22:15:46
PushEvent,2013-06-26 16:55:38
PushEvent,2013-06-25 13:33:43
PullRequestEvent,2013-06-25 13:34:13
PushEvent,2013-06-25 13:34:26
PushEvent,2013-06-25 22:06:54
PushEvent,2013-06-25 22:29:42
PushEvent,2013-06-25 22:32:37
PullRequestEvent,2013-06-25 22:33:27
PushEvent,2013-06-25 22:33:35
PushEvent,2013-06-25 22:47:27
WatchEvent,2012-03-26 19:12:05
ForkEvent,2012-03-26 09:27:15
WatchEvent,2012-04-17 15:27:40
WatchEvent,2013-01-14 11:56:34
WatchEvent,2013-01-23 15:04:40
PushEvent,2013-03-19 17:37:48
WatchEvent,2013-02-23 21:07:10
WatchEvent,2012-11-14 20:19:12
WatchEvent,2012-04-23 17:15:23
WatchEvent,2012-06-11 12:48:40
WatchEvent,2012-04-23 17:15:23
WatchEvent,2013-02-24 18:35:43
WatchEvent,2012-04-05 23:39:58
WatchEvent,2012-04-28 22:15:46
PushEvent,2013-06-18 00:51:41
PushEvent,2013-06-18 00:52:06
CreateEvent,2013-06-07 15:00:41
CreateEvent,2013-06-07 15:22:45
PushEvent,2013-06-07 15:24:48
PushEvent,2013-06-07 15:25:17
PullRequestEvent,2013-06-07 15:26:40
PushEvent,2013-06-07 15:26:58
PullRequestEvent,2013-06-07 15:26:58
PushEvent,2013-06-07 15:31:26
WatchEvent,2013-06-19 22:24:58
PushEvent,2013-06-08 23:24:34
PushEvent,2013-06-15 23:30:36
WatchEvent,2012-04-24 23:59:01
WatchEvent,2012-03-21 00:27:08
WatchEvent,2012-03-21 00:27:12
WatchEvent,2012-05-25 19:52:26
WatchEvent,2012-09-17 23:28:32
GistEvent,2012-03-16 19:51:33
WatchEvent,2012-06-03 17:56:36
PushEvent,2013-06-09 20:27:45
PushEvent,2013-06-08 18:17:56
PushEvent,2013-06-24 18:09:14
WatchEvent,2013-06-24 18:09:46
CreateEvent,2013-06-24 18:31:52
PushEvent,2013-06-24 14:42:03
PushEvent,2013-05-26 14:59:11
CreateEvent,2013-04-29 15:54:26
PushEvent,2013-04-29 15:54:26
PushEvent,2013-06-22 20:11:04
PushEvent,2013-06-22 20:39:35
PushEvent,2013-06-22 20:53:43
WatchEvent,2012-03-23 22:29:23
WatchEvent,2012-03-23 10:46:54
WatchEvent,2012-06-03 17:56:36
WatchEvent,2013-03-19 14:19:38
WatchEvent,2012-03-12 16:23:05
WatchEvent,2012-03-16 16:47:04
GollumEvent,2012-04-02 22:17:18
IssueCommentEvent,2012-09-20 16:05:12
WatchEvent,2012-09-19 12:48:58
WatchEvent,2012-05-19 11:48:49
CreateEvent,2013-05-17 22:42:39
PushEvent,2013-05-17 22:48:04
PushEvent,2013-05-17 22:56:14
CreateEvent,2013-05-17 22:58:11
PushEvent,2013-06-22 21:03:13
PushEvent,2013-06-22 21:20:21
PushEvent,2013-06-22 21:33:17
PushEvent,2013-06-22 21:43:53
WatchEvent,2012-03-26 19:12:05
WatchEvent,2012-03-23 22:29:23
WatchEvent,2012-03-23 10:46:54
WatchEvent,2012-03-16 16:47:04
WatchEvent,2012-03-12 00:29:39
WatchEvent,2012-03-13 13:16:37
WatchEvent,2012-03-13 13:23:52
WatchEvent,2012-03-21 00:27:08
WatchEvent,2012-03-21 00:27:12
WatchEvent,2013-06-23 19:18:01
PushEvent,2013-06-20 14:13:35
PushEvent,2013-06-20 14:27:58
PushEvent,2013-06-20 14:32:19
PushEvent,2013-06-20 14:33:17
PushEvent,2013-06-20 14:34:04
PushEvent,2013-06-20 19:54:45
PushEvent,2013-04-28 16:46:15
PushEvent,2013-04-28 16:49:17
PushEvent,2013-04-28 16:49:36
PushEvent,2013-05-21 15:34:27
PushEvent,2013-05-21 15:34:57
CreateEvent,2013-05-22 12:51:32
PushEvent,2013-05-22 12:56:53
WatchEvent,2013-05-22 13:00:35
PushEvent,2013-06-18 01:00:52
PushEvent,2013-06-18 01:01:17
IssuesEvent,2013-06-18 01:13:03
PushEvent,2013-06-24 20:24:44
PushEvent,2013-06-24 20:25:07
CreateEvent,2013-06-11 18:20:17
CreateEvent,2013-06-11 18:28:30
CreateEvent,2013-06-11 18:28:30
DeleteEvent,2013-06-11 18:29:35
WatchEvent,2013-06-11 18:32:00
PushEvent,2013-04-29 14:40:28
PushEvent,2013-04-29 14:50:51
PushEvent,2013-04-29 14:58:17
WatchEvent,2012-05-25 19:52:26
WatchEvent,2012-05-25 19:52:26
WatchEvent,2012-04-17 15:27:40
WatchEvent,2012-06-11 12:48:40
GistEvent,2012-11-21 10:53:19
IssueCommentEvent,2013-01-17 16:01:35
WatchEvent,2013-01-17 16:02:51
WatchEvent,2013-01-17 16:05:58
WatchEvent,2012-04-05 23:39:58
